Campaign,Ad Group,Keyword,Criterion Type,Final URL,Headline 1,Headline 2,Headline 3,Headline 4,Headline 5,Headline 6,Headline 7,Headline 8,Headline 9,Headline 10,Headline 11,Headline 12,Headline 13,Headline 14,Headline 15,Description 1,Description 2,Description 3,Description 4,Sitelink Text 1,Sitelink URL 1,Sitelink Text 2,Sitelink URL 2,Sitelink Text 3,Sitelink URL 3,Sitelink Text 4,Sitelink URL 4,Callout 1,Callout 2,Callout 3,Callout 4,Structured Snippet Header,Structured Snippet Values,Phone Number
KustomXworks - Search,AG1 Block Walls,concrete block wall contractor corona,Exact,https://kustomxworks.com/book?service=Concrete%20Block%20Walls,Same-Week Flat-Rate Quotes,{KeyWord:Block Wall Contractor},Engineered Block Walls Built Proud,Free Estimate No Pressure,Retaining Walls That Last,Background-Checked Pros,10% Senior 15% Military,$50 Off New Customers,Precision Cinder Block Walls,Commercial & Residential,Serving 9 Inland Empire Cities,Satisfaction Guaranteed,Book Your Free Site Visit,Solid Concrete Footings,Heavy Duty Masonry,Free flat-rate estimate same business day.,Engineered block walls and structural retaining walls built to last.,Serving 9 Inland Empire & Coachella Valley cities. Honest quotes.,10% Senior and 15% Military discounts available. American craft & pride.,Get Free Estimate,https://kustomxworks.com/book,Our 9 City Pages,https://kustomxworks.com/services,Special Discounts,https://kustomxworks.com/pricing,Block Wall Services,https://kustomxworks.com/book?service=Concrete%20Block%20Walls,Same-Week Quotes,Licensed Subcontractors,Flat-Rate Pricing,No Hidden Fees,Services,"Block Walls, Retaining Walls, Landscaping, Handyman, Carpentry, Repairs",951-325-4248
KustomXworks - Search,AG1 Block Walls,retaining wall contractor riverside,Exact,https://kustomxworks.com/book?service=Concrete%20Block%20Walls,,,,,,,,,,,,,,,,,,,,,,,,,,,,,,,,
KustomXworks - Search,AG1 Block Walls,block wall builder temecula,Exact,https://kustomxworks.com/book?service=Concrete%20Block%20Walls,,,,,,,,,,,,,,,,,,,,,,,,,,,,,,,,
KustomXworks - Search,AG1 Block Walls,masonry contractor murrieta,Exact,https://kustomxworks.com/book?service=Concrete%20Block%20Walls,,,,,,,,,,,,,,,,,,,,,,,,,,,,,,,,
KustomXworks - Search,AG1 Block Walls,block wall installation perris,Exact,https://kustomxworks.com/book?service=Concrete%20Block%20Walls,,,,,,,,,,,,,,,,,,,,,,,,,,,,,,,,
KustomXworks - Search,AG1 Block Walls,perimeter block wall contractor,Exact,https://kustomxworks.com/book?service=Concrete%20Block%20Walls,,,,,,,,,,,,,,,,,,,,,,,,,,,,,,,,
KustomXworks - Search,AG1 Block Walls,concrete block wall cost,Exact,https://kustomxworks.com/book?service=Concrete%20Block%20Walls,,,,,,,,,,,,,,,,,,,,,,,,,,,,,,,,
KustomXworks - Search,AG1 Block Walls,block wall contractor,Phrase,https://kustomxworks.com/book?service=Concrete%20Block%20Walls,,,,,,,,,,,,,,,,,,,,,,,,,,,,,,,,
KustomXworks - Search,AG1 Block Walls,retaining wall contractor,Phrase,https://kustomxworks.com/book?service=Concrete%20Block%20Walls,,,,,,,,,,,,,,,,,,,,,,,,,,,,,,,,
KustomXworks - Search,AG1 Block Walls,masonry contractor,Phrase,https://kustomxworks.com/book?service=Concrete%20Block%20Walls,,,,,,,,,,,,,,,,,,,,,,,,,,,,,,,,
KustomXworks - Search,AG1 Block Walls,concrete block wall,Phrase,https://kustomxworks.com/book?service=Concrete%20Block%20Walls,,,,,,,,,,,,,,,,,,,,,,,,,,,,,,,,
KustomXworks - Search,AG1 Block Walls,block wall builder,Phrase,https://kustomxworks.com/book?service=Concrete%20Block%20Walls,,,,,,,,,,,,,,,,,,,,,,,,,,,,,,,,
KustomXworks - Search,AG1 Block Walls,block wall repair,Phrase,https://kustomxworks.com/book?service=Concrete%20Block%20Walls,,,,,,,,,,,,,,,,,,,,,,,,,,,,,,,,
KustomXworks - Search,AG2 Landscaping,artificial turf installation corona,Exact,https://kustomxworks.com/book?service=Landscaping%20%26%20Hardscaping,Same-Week Flat-Rate Quotes,{KeyWord:Landscaping Company},Custom Desert Landscaping,Free Estimate No Pressure,Paver Patios That Last,Background-Checked Pros,10% Senior 15% Military,$50 Off New Customers,Water-Smart Xeriscaping,Turf & Flagstone Walkways,Serving 9 Inland Empire Cities,Satisfaction Guaranteed,Book Your Free Site Visit,Modern Outdoor Living,Drip Irrigation Experts,Free flat-rate estimate same business day for custom landscapes.,Water-smart desert landscaping paver patios and artificial turf.,Serving 9 Inland Empire & Coachella Valley cities. Call today.,10% Senior and 15% Military discounts. Quality work American pride.,Get Free Estimate,https://kustomxworks.com/book,Our 9 City Pages,https://kustomxworks.com/services,Special Discounts,https://kustomxworks.com/pricing,Landscaping Services,https://kustomxworks.com/book?service=Landscaping%20%26%20Hardscaping,Same-Week Quotes,Water-Smart Landscaping,Flat-Rate Pricing,Guaranteed Craft,Services,"Artificial Turf, Paver Patios, Desert Landscaping, Drip Systems, Sod",951-325-4248
KustomXworks - Search,AG2 Landscaping,paver patio contractor riverside,Exact,https://kustomxworks.com/book?service=Landscaping%20%26%20Hardscaping,,,,,,,,,,,,,,,,,,,,,,,,,,,,,,,,
KustomXworks - Search,AG2 Landscaping,desert landscaping temecula,Exact,https://kustomxworks.com/book?service=Landscaping%20%26%20Hardscaping,,,,,,,,,,,,,,,,,,,,,,,,,,,,,,,,
KustomXworks - Search,AG2 Landscaping,xeriscaping murrieta,Exact,https://kustomxworks.com/book?service=Landscaping%20%26%20Hardscaping,,,,,,,,,,,,,,,,,,,,,,,,,,,,,,,,
KustomXworks - Search,AG2 Landscaping,sod installation beaumont,Exact,https://kustomxworks.com/book?service=Landscaping%20%26%20Hardscaping,,,,,,,,,,,,,,,,,,,,,,,,,,,,,,,,
KustomXworks - Search,AG2 Landscaping,landscaping company inland empire,Exact,https://kustomxworks.com/book?service=Landscaping%20%26%20Hardscaping,,,,,,,,,,,,,,,,,,,,,,,,,,,,,,,,
KustomXworks - Search,AG2 Landscaping,turf installation temecula,Exact,https://kustomxworks.com/book?service=Landscaping%20%26%20Hardscaping,,,,,,,,,,,,,,,,,,,,,,,,,,,,,,,,
KustomXworks - Search,AG2 Landscaping,artificial turf,Phrase,https://kustomxworks.com/book?service=Landscaping%20%26%20Hardscaping,,,,,,,,,,,,,,,,,,,,,,,,,,,,,,,,
KustomXworks - Search,AG2 Landscaping,paver patio,Phrase,https://kustomxworks.com/book?service=Landscaping%20%26%20Hardscaping,,,,,,,,,,,,,,,,,,,,,,,,,,,,,,,,
KustomXworks - Search,AG2 Landscaping,landscaping company,Phrase,https://kustomxworks.com/book?service=Landscaping%20%26%20Hardscaping,,,,,,,,,,,,,,,,,,,,,,,,,,,,,,,,
KustomXworks - Search,AG2 Landscaping,backyard landscaping,Phrase,https://kustomxworks.com/book?service=Landscaping%20%26%20Hardscaping,,,,,,,,,,,,,,,,,,,,,,,,,,,,,,,,
KustomXworks - Search,AG2 Landscaping,drought tolerant landscaping,Phrase,https://kustomxworks.com/book?service=Landscaping%20%26%20Hardscaping,,,,,,,,,,,,,,,,,,,,,,,,,,,,,,,,
KustomXworks - Search,AG2 Landscaping,xeriscaping,Phrase,https://kustomxworks.com/book?service=Landscaping%20%26%20Hardscaping,,,,,,,,,,,,,,,,,,,,,,,,,,,,,,,,
KustomXworks - Search,AG2 Landscaping,drip irrigation,Phrase,https://kustomxworks.com/book?service=Landscaping%20%26%20Hardscaping,,,,,,,,,,,,,,,,,,,,,,,,,,,,,,,,
KustomXworks - Search,AG3 Construction,patio cover contractor riverside,Exact,https://kustomxworks.com/book?service=Construction%20Expertise,Same-Week Flat-Rate Quotes,{KeyWord:Construction Services},Patio Covers & Additions,Free Estimate No Pressure,Structural Repairs That Last,Background-Checked Pros,10% Senior 15% Military,$50 Off New Customers,Dry Rot & Framing Repair,Kitchen & Bath Upgrades,Serving 9 Inland Empire Cities,Satisfaction Guaranteed,Book Your Free Site Visit,Built Strong & True,Master Construction Craft,Free flat-rate construction estimate same business day.,Patio covers room additions structural repairs and remodeling.,Serving 9 Inland Empire & Coachella Valley cities with pride.,Senior and military discounts available. Work done right and proud.,Get Free Estimate,https://kustomxworks.com/book,Our 9 City Pages,https://kustomxworks.com/services,Special Discounts,https://kustomxworks.com/pricing,Construction Upgrades,https://kustomxworks.com/book?service=Construction%20Expertise,Same-Week Quotes,Structural Repairs,Flat-Rate Pricing,American Pride,Services,"Patio Covers, Room Additions, Structural Framing, Dry Rot Repair, Remodels",951-325-4248
KustomXworks - Search,AG3 Construction,room addition contractor corona,Exact,https://kustomxworks.com/book?service=Construction%20Expertise,,,,,,,,,,,,,,,,,,,,,,,,,,,,,,,,
KustomXworks - Search,AG3 Construction,structural framing repair,Exact,https://kustomxworks.com/book?service=Construction%20Expertise,,,,,,,,,,,,,,,,,,,,,,,,,,,,,,,,
KustomXworks - Search,AG3 Construction,dry rot repair contractor,Exact,https://kustomxworks.com/book?service=Construction%20Expertise,,,,,,,,,,,,,,,,,,,,,,,,,,,,,,,,
KustomXworks - Search,AG3 Construction,kitchen remodel contractor temecula,Exact,https://kustomxworks.com/book?service=Construction%20Expertise,,,,,,,,,,,,,,,,,,,,,,,,,,,,,,,,
KustomXworks - Search,AG3 Construction,bath remodel inland empire,Exact,https://kustomxworks.com/book?service=Construction%20Expertise,,,,,,,,,,,,,,,,,,,,,,,,,,,,,,,,
KustomXworks - Search,AG3 Construction,patio cover,Phrase,https://kustomxworks.com/book?service=Construction%20Expertise,,,,,,,,,,,,,,,,,,,,,,,,,,,,,,,,
KustomXworks - Search,AG3 Construction,room addition,Phrase,https://kustomxworks.com/book?service=Construction%20Expertise,,,,,,,,,,,,,,,,,,,,,,,,,,,,,,,,
KustomXworks - Search,AG3 Construction,house remodel,Phrase,https://kustomxworks.com/book?service=Construction%20Expertise,,,,,,,,,,,,,,,,,,,,,,,,,,,,,,,,
KustomXworks - Search,AG3 Construction,structural repair,Phrase,https://kustomxworks.com/book?service=Construction%20Expertise,,,,,,,,,,,,,,,,,,,,,,,,,,,,,,,,
KustomXworks - Search,AG3 Construction,dry rot repair,Phrase,https://kustomxworks.com/book?service=Construction%20Expertise,,,,,,,,,,,,,,,,,,,,,,,,,,,,,,,,
KustomXworks - Search,AG3 Construction,pergola contractor,Phrase,https://kustomxworks.com/book?service=Construction%20Expertise,,,,,,,,,,,,,,,,,,,,,,,,,,,,,,,,
KustomXworks - Search,AG3 Construction,decking contractor,Phrase,https://kustomxworks.com/book?service=Construction%20Expertise,,,,,,,,,,,,,,,,,,,,,,,,,,,,,,,,
KustomXworks - Search,AG4 Handyman Repairs,handyman corona,Exact,https://kustomxworks.com/book?service=Drywall%20%26%20Painting,Same-Week Flat-Rate Quotes,{KeyWord:Handyman Service},One Call Handles It All,Free Estimate No Pressure,Reliable Repairs Done Proud,Background-Checked Pros,10% Senior 15% Military,$50 Off New Customers,Drywall Repair & Texturing,Doors Flooring & Fixtures,Serving 9 Inland Empire Cities,Satisfaction Guaranteed,Book Your Free Site Visit,Tools Ready Work Steady,Transparent Pricing,Free flat-rate estimate same business day for home repairs.,Drywall repair painting doors fixtures and handyman fixes.,Serving Corona Hemet Temecula Murrieta and 5 more cities.,10% Senior and 15% Military discounts. America strong workmanship.,Get Free Estimate,https://kustomxworks.com/book,Our 9 City Pages,https://kustomxworks.com/services,Special Discounts,https://kustomxworks.com/pricing,Handyman Pricing,https://kustomxworks.com/pricing,Same-Week Quotes,Fast Friendly Pro,Flat-Rate Pricing,Satisfaction Guaranteed,Services,"Drywall Repair, Painting, Door Installs, Light Fixtures, Carpentry, Repairs",951-325-4248
KustomXworks - Search,AG4 Handyman Repairs,handyman temecula,Exact,https://kustomxworks.com/book?service=Drywall%20%26%20Painting,,,,,,,,,,,,,,,,,,,,,,,,,,,,,,,,
KustomXworks - Search,AG4 Handyman Repairs,handyman murrieta,Exact,https://kustomxworks.com/book?service=Drywall%20%26%20Painting,,,,,,,,,,,,,,,,,,,,,,,,,,,,,,,,
KustomXworks - Search,AG4 Handyman Repairs,handyman riverside,Exact,https://kustomxworks.com/book?service=Drywall%20%26%20Painting,,,,,,,,,,,,,,,,,,,,,,,,,,,,,,,,
KustomXworks - Search,AG4 Handyman Repairs,handyman moreno valley,Exact,https://kustomxworks.com/book?service=Drywall%20%26%20Painting,,,,,,,,,,,,,,,,,,,,,,,,,,,,,,,,
KustomXworks - Search,AG4 Handyman Repairs,handyman near me,Exact,https://kustomxworks.com/book?service=Drywall%20%26%20Painting,,,,,,,,,,,,,,,,,,,,,,,,,,,,,,,,
KustomXworks - Search,AG4 Handyman Repairs,drywall repair,Exact,https://kustomxworks.com/book?service=Drywall%20%26%20Painting,,,,,,,,,,,,,,,,,,,,,,,,,,,,,,,,
KustomXworks - Search,AG4 Handyman Repairs,house painting contractor,Exact,https://kustomxworks.com/book?service=Drywall%20%26%20Painting,,,,,,,,,,,,,,,,,,,,,,,,,,,,,,,,
KustomXworks - Search,AG4 Handyman Repairs,handyman,Phrase,https://kustomxworks.com/book?service=Drywall%20%26%20Painting,,,,,,,,,,,,,,,,,,,,,,,,,,,,,,,,
KustomXworks - Search,AG4 Handyman Repairs,drywall repair,Phrase,https://kustomxworks.com/book?service=Drywall%20%26%20Painting,,,,,,,,,,,,,,,,,,,,,,,,,,,,,,,,
KustomXworks - Search,AG4 Handyman Repairs,interior painting,Phrase,https://kustomxworks.com/book?service=Drywall%20%26%20Painting,,,,,,,,,,,,,,,,,,,,,,,,,,,,,,,,
KustomXworks - Search,AG4 Handyman Repairs,home repair,Phrase,https://kustomxworks.com/book?service=Drywall%20%26%20Painting,,,,,,,,,,,,,,,,,,,,,,,,,,,,,,,,
KustomXworks - Search,AG4 Handyman Repairs,door installation,Phrase,https://kustomxworks.com/book?service=Drywall%20%26%20Painting,,,,,,,,,,,,,,,,,,,,,,,,,,,,,,,,
KustomXworks - Search,AG4 Handyman Repairs,flooring installation,Phrase,https://kustomxworks.com/book?service=Drywall%20%26%20Painting,,,,,,,,,,,,,,,,,,,,,,,,,,,,,,,,
KustomXworks - Search,AG5 Feature Walls,slat wall installation,Exact,https://kustomxworks.com/book?service=Custom%20Slat%20Walls,Same-Week Flat-Rate Quotes,{KeyWord:Slat Wall Installation},Custom Slat & Media Walls,Free Estimate No Pressure,Modern Accent Walls Built,Background-Checked Pros,10% Senior 15% Military,$50 Off New Customers,Acoustic Wood Panels,Fireplace Surround Upgrade,Serving 9 Inland Empire Cities,Satisfaction Guaranteed,Book Your Free Site Visit,Master Finish Carpentry,Luxury Millwork Quality,Free flat-rate estimate on custom slat walls and entertainment centers.,Acoustic wood slat panels backlit media walls and fireplace surrounds.,Serving 9 Inland Empire and Desert cities. Custom precision finish.,10% Senior and 15% Military discounts. Built with pride in America.,Get Free Estimate,https://kustomxworks.com/book,Our 9 City Pages,https://kustomxworks.com/services,Special Discounts,https://kustomxworks.com/pricing,Feature Wall Gallery,https://kustomxworks.com/gallery,Same-Week Quotes,Custom Millwork,Flat-Rate Pricing,Backlit Panels,Services,"Custom Slat Walls, Acoustic Panels, Fireplace Media Walls, Millwork",951-325-4248
KustomXworks - Search,AG5 Feature Walls,acoustic wood wall panels,Exact,https://kustomxworks.com/book?service=Custom%20Slat%20Walls,,,,,,,,,,,,,,,,,,,,,,,,,,,,,,,,
KustomXworks - Search,AG5 Feature Walls,custom feature wall installation,Exact,https://kustomxworks.com/book?service=Custom%20Slat%20Walls,,,,,,,,,,,,,,,,,,,,,,,,,,,,,,,,
KustomXworks - Search,AG5 Feature Walls,fireplace media wall,Exact,https://kustomxworks.com/book?service=Custom%20Slat%20Walls,,,,,,,,,,,,,,,,,,,,,,,,,,,,,,,,
KustomXworks - Search,AG5 Feature Walls,custom carpentry contractor,Exact,https://kustomxworks.com/book?service=Custom%20Slat%20Walls,,,,,,,,,,,,,,,,,,,,,,,,,,,,,,,,
KustomXworks - Search,AG5 Feature Walls,slat wall,Phrase,https://kustomxworks.com/book?service=Custom%20Slat%20Walls,,,,,,,,,,,,,,,,,,,,,,,,,,,,,,,,
KustomXworks - Search,AG5 Feature Walls,wood feature wall,Phrase,https://kustomxworks.com/book?service=Custom%20Slat%20Walls,,,,,,,,,,,,,,,,,,,,,,,,,,,,,,,,
KustomXworks - Search,AG5 Feature Walls,media wall,Phrase,https://kustomxworks.com/book?service=Custom%20Slat%20Walls,,,,,,,,,,,,,,,,,,,,,,,,,,,,,,,,
KustomXworks - Search,AG5 Feature Walls,custom carpentry,Phrase,https://kustomxworks.com/book?service=Custom%20Slat%20Walls,,,,,,,,,,,,,,,,,,,,,,,,,,,,,,,,
KustomXworks - Search,AG5 Feature Walls,millwork installation,Phrase,https://kustomxworks.com/book?service=Custom%20Slat%20Walls,,,,,,,,,,,,,,,,,,,,,,,,,,,,,,,,
KustomXworks - Search,,jobs,Negative Exact,,,,,,,,,,,,,,,,,,,,,,,,,,,,,,,,
KustomXworks - Search,,hiring,Negative Exact,,,,,,,,,,,,,,,,,,,,,,,,,,,,,,,,
KustomXworks - Search,,careers,Negative Exact,,,,,,,,,,,,,,,,,,,,,,,,,,,,,,,,
KustomXworks - Search,,salary,Negative Exact,,,,,,,,,,,,,,,,,,,,,,,,,,,,,,,,
KustomXworks - Search,,diy,Negative Phrase,,,,,,,,,,,,,,,,,,,,,,,,,,,,,,,,
KustomXworks - Search,,how to,Negative Phrase,,,,,,,,,,,,,,,,,,,,,,,,,,,,,,,,
KustomXworks - Search,,tutorial,Negative Phrase,,,,,,,,,,,,,,,,,,,,,,,,,,,,,,,,
KustomXworks - Search,,course,Negative Phrase,,,,,,,,,,,,,,,,,,,,,,,,,,,,,,,,
KustomXworks - Search,,training,Negative Phrase,,,,,,,,,,,,,,,,,,,,,,,,,,,,,,,,
KustomXworks - Search,,free,Negative Phrase,,,,,,,,,,,,,,,,,,,,,,,,,,,,,,,,
KustomXworks - Search,,plans,Negative Phrase,,,,,,,,,,,,,,,,,,,,,,,,,,,,,,,,
KustomXworks - Search,,blueprint,Negative Phrase,,,,,,,,,,,,,,,,,,,,,,,,,,,,,,,,
KustomXworks - Search,,template,Negative Phrase,,,,,,,,,,,,,,,,,,,,,,,,,,,,,,,,
KustomXworks - Search,,for sale,Negative Phrase,,,,,,,,,,,,,,,,,,,,,,,,,,,,,,,,
KustomXworks - Search,,for rent,Negative Phrase,,,,,,,,,,,,,,,,,,,,,,,,,,,,,,,,
KustomXworks - Search,,clipart,Negative Phrase,,,,,,,,,,,,,,,,,,,,,,,,,,,,,,,,
KustomXworks - Search,,images,Negative Phrase,,,,,,,,,,,,,,,,,,,,,,,,,,,,,,,,
KustomXworks - Search,,videos,Negative Phrase,,,,,,,,,,,,,,,,,,,,,,,,,,,,,,,,
KustomXworks - Search,,youtube,Negative Phrase,,,,,,,,,,,,,,,,,,,,,,,,,,,,,,,,
KustomXworks - Search,,kustom xworks,Negative Phrase,,,,,,,,,,,,,,,,,,,,,,,,,,,,,,,,